Name,antibacterial ,antifungal,other function,target,class ,species,target types,
abyssomicin,yes,,,PaBb (pABA pathway),polyketide,verrucosispora,gram pos,
aurafuron,,yes,cytotoxic,cholesterol biosynthesis,polyketide,stimatella,,
aureothin,yes,yes,cytotoxic,,polyketide,streptomyces,gram pos; gram neg,
avilamycin,yes,,,ribosome,saccharide,streptomyces,gram pos,
bafilomycin,yes,yes,cytotoxic,,polyketide,streptomyces,gram pos,
borrelidin,yes,,cytotoxic,Thr tRNA synthetase,polyketide,streptomyces,gram neg,
chlorothricin,yes,,,pyruvate biosyn,pk saccharide,streptomyces,gram pos,
coelimycin,,,unknown (might have antibiotic activity),,polyketide,streptomyces,,
dawenol,,,unknown,,polyketide,stigmatella,,
erythromycin,yes,,,ribosome,pk saccharide,saccharopolyspora ,gram pos; some gram neg,
galbonolides,,yes,,inositol phosphoceramide synthase,polyketide,streptomyces,,
kedarcidin,yes,,cytotoxic,DNA,polyketide,streptoalloteichus,gram pos,
lactimidomycin,,yes,cytotoxic,ribosome,polyketide,streptomyces,,
neoaureothin,,yes,antitumor,reverse transcriptase,polyketide,streptomyces,,
neocarzinostatin,yes,,cytotoxic,DNA,polyketide,streptomyces,gram pos,
nystatin,,yes,,membrane,polyketide,streptomyces,,
pactamycin,yes,yes,cytotoxic,ribosome,polyketide,streptomyces,gram pos; gram neg,
salinomycin,yes,,protozoa; ionophore; antitumor; cytotoxic,Na K,polyketide,streptomyces,gram pos,
soraphen,,yes,,acylt-CoA carboxylase,polyketide,sorangium,,
spirangien,,yes,cytotoxic,cytotoxic,polyketide,sorangium,,
sporolide,,,unknown,proteasome inhibitor,polyketide,salinispora,,
stambomycin,yes,,antitumor,,pk saccharide,streptomyces,gram pos,
stigmatellin,,yes,,,polyketide,stigmatella,,
tautomycetin,,yes,immunosuppresor; antitumor,SHP2 phosphatase,polyketide,streptomyces,,
tautomycin,,yes,antitumor,phosphatase,polyketide,streptomyces,,
tiacumicin,yes,,,,polyketide,dactylosporangium ,gram pos,
9methylstreptimidone,,yes,antitumor,,polyketide,streptomyces,,
bongkrekic acid,,yes,cytotoxic (to eukaryotes),adenine nucleotide translocase,pk,burkholderia,,
clycloheximide,no,yes,,ribosome (eukaryotic only),polyketide,streptomyces,,
difficidin,yes,,,,pk,bacillus,gram pos; gram neg,
migrastatin,,yes,cytotoxic,,pk,streptomyces,,
elansolid,yes,,cytotoxic,,pk,chitinophaga,gram pos,
etnangien,yes,,,retroviral DNA polymerase,pk,sorangium,gram pos,
legioliulin,,some coumarins have antifungal activity,fluorophore; unknown,,pk,legionella,,
macrolactin,yes,yes,,,pk,bacillus,gram pos,
mupirocin,yes,,,Ile tRNA synthetase,pk,pseudomonas,gram pos; some gram neg,
sorangicin,yes,,,,pk,sorangium,gram pos; gram neg,
thailandamide,,,unknown,,nrp pk,burkholderia,,
asukamycin,yes,yes,cytotoxic,,pk,streptomyces,gram pos,
saxitoxin,,,neurotoxin,Na channels nerve cells,alkaloid,cylindrospermopsis ,,
anatoxin,,,neurotoxin,,pk alkaloid,oscillatoria,,
xenocyloins,,,insecticide,,pk,xenorhabdus,,
actinorhodin,yes,,,,pk,streptomyces,gram pos,
alnumycin,yes,,antitumor,,pk,streptomyces,gram pos,
athraquinone,yes,yes,cytotoxic,,pk,photorhabdus,gram pos,
aranciamycin,yes,,cytotoxic (also to human cancer),collagenase; DNA synthesis,pk saccharide,streptomyces,gram pos,
arenimycin,yes,,cytotoxic,,pk saccharide,salinispora,gram pos,
arimetamycin,?,?,antitumor,,pk saccharide,uncultured,,
arixanthomycin,yes,not against yeast,antitumor; cytotoxic,,pk saccharide,uncultured,gram pos,
auricin,yes,,,,pk saccharide,streptomyces,gram pos,
benastatin,yes,,some derivatives cytotoxic,glutathione s-transferase,pk,streptomyces,gram pos,
chartreusin,yes,?,antitumor,topoisomerase,pk,streptomyces,gram pos,
chromomycin,yes,yes,cytotoxic; antitumor,DNA,pk saccharide,streptomyces,gram pos; mycobacteria,
cinerubin,yes,,cytotoxic,DNA,pk saccharide,streptomyces,gram pos,
colabomycin,yes,,,caspase I,pk,streptomyces,gram pos,
elloramycin,,,cytotoxic,DNA,pk,streptomyces,,
enterocin,yes,,,,pk,streptomyces,gram pos,
arthrofactin,,,surfactant,,nrp,pseudomonas,,
aeruginosin,,,protease inhibitor,,nrp,microcystis,,
enterocin,yes,,,,pk,streptomyces,gram pos,
flustatin,,,unknown,,pk,uncultured,?,
fredericamycin,yes,yes,cytotoxic,,pk,streptomyces,gram pos,
granaticin,yes,,,,pk,streptomyces,gram pos,
gryncamycin,,,cytotoxic,,pk saccharide,streptomyces,,
griseorhondin,?,,cytotoxic; human telomerase inhbitor,,pk,streptomyces,?,
arylomycin,yes,,,signal peptides,nrp,streptomyces,gram pos; gram neg,
bromoalterochromides,yes,,cytotoxic,,nrp pk,pseudomonas,?,
landomycin,yes,,cytotoxic,dna synthesis,pk saccharide,streptomyces,?,
lomaiviticin,yes,,cytotoxic,dna,pk saccharide,salinispora,gram pos,
mithramycin,yes,,cytotoxic,dna,pk saccharide,streptomyces,gram pos,
nogalamycin,yes,,cytotoxic; antitumor,dna,pk saccharide,streptomyces,gram pos,
oviedomycin,?,?,cytotoxic,,pk,streptomyces,,
rabelomycin,yes,,(might have antitumor),,pk saccharide,streptomyces,gram pos,
resistomcycin,yes,yes,,polymerase inhibitor,pk,streptomyces,gram pos; gram neg,
saquayamycin,yes,,cytotoxic; antitumor,,pk saccharide,micromonospora,gram pos,
SF2575,yes,,cytotoxic; antitumor,,pk saccharide,streptomyces,gram pos,
steffimycin,yes,,cytotoxic; antitumor,dna,pk saccharide,streptomyces,gram pos,
tetarimycin,yes,,,,pk,uncultured,gram pos,
tetracenomycin,yes,,cytotoxic; antitumor,,pk,streptomyces,gram pos,
cetoniacytone,,,cytotoxic; antitumor,,other,,,
red_pigment,?,,resistance to UV; unknown,,pk saccharide,,,
A40926,yes,,,lipid II,nrp saccharide,nonomuraea,gram pos; some gram neg; neisseria,
A47934,yes,,,peptidogylcan precursor,nrp saccharide,streptomyces,gram pos,
aeruginoside,,,unknown,,nrp saccharide,planktothrix,,
mehtylpendolmycin,,,unknown,,nrp,marinactinospora,?,
myxoprincomide,,,predation,,nrp pk,myxococcus,,
orfamide,,yes,surfactant,,nrp,pseudomonas,,
orfamide_a,,yes,surfactant,,nrp,pseudomonas,,
phosphinothricin,yes,yes,herbicidal,glutamine synthetase,nrp,streptomyces,,
ristomycin,yes,,,cell wall; peptidoglycan,nrp saccharide,amycolatopsis,gram pos,
serobactins,,,siderophore,,nrp,herbaspirillum,,
sessilin,,yes,surfactant,,nrp,pseudomonas,,
shinorine,,,resistance to UV,,nrp,anabaena,,
skyllamycin,?,?,unknown,platlet derived gf,nrp,streptomyces,,
spumigin,?,,protease inhibitor; unknown,trypsin,nrp pk,nodularia,,
stenothricin,yes,,,,nrp,streptomyces,gram pos; gram neg,
surfactin,yes,yes,surfactant,,nrp,bacillus,gram pos; gram neg,
taromycin,yes,,,,nrp,saccharomonospora,gram pos,
teicoplanin,yes,,,lipid II,nrp saccharide,actinoplanes,gram pos,
thanamycin,,yes,,,nrp,pseudomonas,,
thiocoraline,yes,,cytotoxic; antitumor,dna polmerase,nrp,micromonospora,gram pos,
tolaasin,,yes,,cell membrane,nrp,pseudomonas,,
valinomycin,yes,yes,cytotoxic,,nrp,streptomyces,gram pos,
griseoviridin,yes,yes,,ribosome,nrp pk,streptomyces,gram pos,
WLIP,yes,yes,,,nrp,pseudomonas,gram pos,
xantholysin,yes,yes,,,nrp,pseudomonas,gram pos; gram neg,
xenoamicins,no,no,plasmodium; trypanosoma,,nrp,xenorhabdus,,
bottromycin,yes,,,ribosome,ripp,streptomyces,gram pos,
viridisamide,,,unknown,,ripp,oscillatoria,,
anacyclamide,,,unknown,,ripp,anabaena,,
microcylamide,,,unknown,,ripp,microcystis,,
microcylamide_2,,,unknown,,ripp,microcystis,,
patellin_2_3,,,unknown,,ripp,prochloron,,
prenylagaramide_B_C,,,no antimicrobial detected,,ripp,planktothrix,,
tenuecyclamide_A_C,yes,,,,ripp,nostoc,?,
trunkamide,,,cytotoxic,,ripp,prochloron,,
aeruginosamide,,,cytotoxic,,ripp,microcystis,,
circularin,yes,,,membrane,ripp,clostridium,?,
catenulipeptin,,,unknown,,ripp,catenulispora,,
cinnamycin,yes,,,cell wall,ripp,streptomyces,gram pos,
carotenoid,,,antioxidant,,terpene,uncultured,,
phenalinolactone,yes,,phytotoxic,,terpene,streptomyces,gram pos,
2_methylisoborneol,,?,taste; odor,,terpene,pseudanabaena,,
geosmin,,,taste; odor,,terpene,nostoc,,
xiamyicin,,,anti-HIV; unknown,,terpene,streptomyces,?,
lactimidomycin,,yes,cytotoxic,ribosome,pk,streptomyces,,
hassallidins,,yes,,,nrp saccharide,anabaena,,
methylpendolmycin,,,unknown,,nrp,marinactinospora,?,
eponemycin,,,cytotoxic,proteasome,nrp pk,,,
malleobactin,,,siderophore,,nrp,bulkholdaria,,
cupriachelin,,,siderophore; unknown,,nrp,ralstonia,?,
hormaomycin,yes,,signaling,,nrp,streptomyces,gram pos,
luminmycin,,,cytotoxic,proteasome,nrp pk,photorhabdus,,
fimsbactin,,,siderophore,,nrp,acinetobacter,,
cichofactin,yes,yes,surfactant,,nrp,pseudomonas,?,
anabaenopeptin,,,protease inhibitor,,nrp,anabaena,,
leupyrrin,,yes,,,nrp pk,sorangium,,
massetolide,,yes,surfactant,,nrp,pseudomonas,,
lyngbyatoxin,,,cytotoxic,protein kinas C,nrp,lyngbya,,
cereulide,,,cytotoxic,membrane,nrp,bacillus,,
epoxomicin,,,cytotoxic,proteasome,nrp pk,goodfellowiella,,
cycloheximide,,yes,,ribosome,pk,,,
grincamycin,,,cytotoxic,er,pk saccharide,,,
cephamycin,yes,,,penicillin binding protien; transpeptidase; carboxypeptidase,nrp,,gram pos; gram neg,
cyclomarin,,,cytotoxic,,nrp,,,
calcium_dependent_antibiotic,yes,,,,nrp,,gram pos,
canthaxanthin_bradyrhizobium,,,pigment,,terpene,,,
entianin,yes,,signaling,,ripp,bacillus,gram pos,
epilancin,yes,,pore formation,,ripp,staphylococcus,gram pos; ?,
ericin,yes,,signaling,,ripp,bacillus,gram pos; ?,
rubivivax_gelatnosus_carotenoid,,,pigment,,terpene,,,
rhobacter_sphaeroides_241_carotenoid,,,pigment,,terpene,,,
rhobacter_capsulatus_cartenoid,,,pigment,,terpene,,,
pantoea_anantis_carotenoid,,,pigment,,terpene,,,
staph_aureus_carotenoid,,,pigment,,terpene,,,
erythreapeptin,,,unknown,,ripp,,,
geobacillin,yes,,,lipid II,ripp,,gram pos,
geobacillin_ii,yes,,,,ripp,,gram pos,
haloduracin,yes,,,lipid II; pore formation,ripp,,gram pos,
informatipeptin,,,unknown,,ripp,,,
labyrinthopeptin,,,anti-HIV; unknown,,ripp,,,
lacticin,yes,,,membrane,ripp,,gram pos; ?,
macedocin,yes,,,,ripp,,gram pos,
microbisporicin,yes,,,lipid II,ripp,,gram pos,
nisin,yes,,signaling,,ripp,,gram pos; mycobacterium,
planosporicin,yes,,,lipid II; cell wall synthesis,ripp,,gram pos,
SAL_2242,,,unknown,,ripp,,,
SapB,,,surfactant,,ripp,,,
SRO15_2212,,,unknown,,ripp,,,
SRO14_3108,,,unknown,,ripp,,,
subtilin,yes,?,signaling,,ripp,,gram pos,
subtilomycin,yes,yes,,,ripp,,gram pos; gram neg,
venezuelin,,,unknown; probably not antibiotic,,ripp,,,
clostridiolysin,,,toxin,hemoglobin,ripp,,,
streptolysin,,,cytotoxic,,ripp,,,
plantazolicin,yes,,,,ripp,,gram pos,
SRO15_2005,,,unknown,,ripp,,,
SSV_2083,,,unknown,,ripp,,,
cypemycin,yes,,cytotoxic,,ripp,,gram pos,
grisemycin,,,no antimicrobial detected,,ripp,,,
microviridin,,,,elastase,ripp,,,
microvidin_2,,,,protease inhibitor,ripp,,,
SCO_2138,,,unknown,,ripp,,,
SLI_2138,,,unknown,,ripp,,,
SWA_2138,,,unknown,,ripp,,,
polytheonamides,,,cytotoxic,membrane,ripp,,,
sporolation_killing_factor,yes,,,,ripp,,gram pos,
cyclothiazomycin,,yes,,renin,ripp,,,
GE2270,yes,,,EF-Tu,ripp,,gram pos,
thiocillin,yes,,,,ripp,,gram pos,
thiomuracins,yes,,,EF-Tu,ripp,,gram pos,
TP_1161,yes,,,ribosome,ripp,,gram pos,
amylocyclicin,yes,,,,ripp,,gram pos,
lactocillin,yes,,,ribosome,ripp,,gram pos,
welwitindolinone,yes,yes,cytotoxic,,terpene,,?,
cyclooctatin,,,,lysophospholipase,terpene,,,
validamycin,yes,yes,,,saccharide,,?,
,,,,,,,,
,,,,,,,,
moenomycin,yes,,,peptidoglycan glycoyltransferase,saccharide,,gram pos,
cepacian,,,biofilm formation,,saccharide,,,
methylarcyriarubin,,,cytotoxic,,alkaloid,,,
physostigmine,,,toxin,acetylcholinesterase ,alkaloid,,,
rebeccamycin,yes,yes,cytotoxic,topoisomerase,alkaloid,,gram pos,
rebeccamycin_2,yes,yes,cytotoxic,topoisomerase,alkaloid,,gram pos,
scytonemin,?,?,unknown,,alkaloid,,,
violacein,yes,,cytotoxic; signaling,activates TNFr1,alkaloid,,gram pos,
violacein_2,yes,,cytotoxic; signaling,activates TNFr1,alkaloid,,gram pos,
clorobiocin,yes,,,DNA gyrase,saccharide,,gram pos,
coumermycin,yes,,,DNA gyrase,saccharide,,gram pos; gram neg,
novobiocin,yes,,,DNA gyrase,saccharide,,gram pos,
APE_ec,,,antioxidant,,other,,,
APE_vf,,,antioxidant,,other,,,
flexirubin,,,unknown,,other,,,
alanylclavam,yes,yes,,,beta-lactam,,?,
clavams,,yes,,,beta-lactam,,,
clavulanic_acid,yes,,,beta lactamase inhibitor,beta-lactam,,gram pos; gram neg,
thienamycin,yes,,,cell wall synthesis,beta-lactam,,gram pos; gram neg,
gamma_butyrolactone,,,signaling,,other,,,
vpe,,,unknown,,other,,,
caprazamycin,yes,,,,other,,gram pos; mycobacterium,
tunicamycin,yes,yes,cytotoxic,MraY,nucleoside,,gram pos,
AWQC131C,,,toxin,voltage gated sodium channel,alkaloid,,,
bromophenols_1,yes,,cytotoxic,myosin atpase; ispD,other,,gram pos,
bromophenols_2,yes,,cytotoxic,myosin atpase; ispD,other,,gram pos,
caryoynencin,yes,yes,,,other,,?,
chloramphenicol,yes,,,ribosome,nrp,,gram pos; gram neg,
desosamine,yes,,,,saccharide,,?,
mitomycin,,,cytotoxic,,other,,,
promysalin,yes,,,,other,,gram pos; gram neg,
endophenazines,yes,yes,herbicide,,other,,gram pos; gram neg,
esmeraldin,,,pigment; unknown,,other,,,
fosfomycin,yes,,,MurA,other,,gram pos; gram neg,
desferrioxamine,,,siderophore,,other,,,
desferrioxamine_2,,,siderophore,,other,,,
petrobactin,,,siderophore,,other,,,
staphyloferrin,,,siderophore,,other,,,
alpha_galactosylceramide,,,nkt cell activation,,other,,,
napsamycin,yes,,,,nrp,,gram pos; pseudomonas only,
pristinamycin,yes,,,ribosome,nrp pk,,gram pos,
amicetin,yes,,,rna polymerase ,saccharide,,gram pos; gram neg,
ajudazol,,yes,,,nrp pk,,,
althiomycin,yes,,,ribosome,nrp pk,,gram pos; gram neg,
andrimid,yes,,,acetyl-coa carboxylase,nrp pk,,gram pos; gram neg,
antimycin,,yes,cytotoxic,,nrp pk,,,
barbamide,,,cytotoxic,,nrp pk,,,
bleomycin,,,cytotoxic,DNA,nrp pk,,,
burkholdac,,,cytotoxic,histone deacetylase,nrp pk,,,
C_1027,yes,,cytotoxic,DNA,pk,,gram pos,
calyculin,,,cytotoxic,,nrp pk,,,
chondramide,,,cytotoxic,actin,nrp pk,,,
chondrochloren,yes,yes,,,nrp pk,,?,
cinnabaramide,,yes,cytotoxic,proteasome,nrp pk,,,
colibactin,yes,,cytotoxic; genotoxic,DNA,nrp pk,,?,
collismycin,yes,yes,iron chelator,,nrp pk,,,"before had both gram, cant find now"
cryptophycin,,yes,cytotoxic,,nrp,,,
curacin,,,cytotoxic,tubulin,nrp pk,,,
cylindrospermopsin,,,cytotoxic,,nrp pk,,,
didemnin,,,cytotoxic,,nrp pk,,,
FK228,,yes,cytotoxic,,nrp pk,,,
frontalamide,,yes,,,nrp pk,,,
hectochlorin,,yes,cytotoxic,,nrp pk,,,
jmaicamide,,,toxin,sodium channel,nrp pk,,,
lipomycin,yes,,,,nrp pk,,gram pos,
lobophorin,yes,,cytotoxic,,pk,,gram pos,
lymphostin,,,immunosuppresor,mTOR,nrp pk,,,
lymphostin_2,,,immunosuppresor,mTOR,nrp pk,,,
maduropeptin,yes,,antitumor; antioxidant,,pk,,gram pos,
melithiazol,,yes,cytotoxic,,nrp pk,,,
micacocidin,yes,,siderophore,,nrp pk,,mycoplasma,
microcystin,,,cytotoxic,phosphatase,nrp pk,,,
microcystin_2,,,cytotoxic,phosphatase,nrp pk,,,
microsclerodermins,,yes,,,nrp pk,,,
myxochromide,,,no observed antibiotic activity,,nrp pk,,,
myxothiazol,,yes,cytotoxic,,nrp pk,,,
myxovirescin,yes,,,,nrp pk,,gram pos; gram neg,
nostopeptolide,,,differentiation,,nrp,,,
nostophycin,,,weakly cytotoxic,,nrp,,,
pellasoren,,,cytotoxic,,nrp,,,
pyralomicin,yes,,,,nrp pk,,gram pos,
salinosporamide,,,cytotoxic,,nrp pk,,,
spiruchostatin,,yes,cytotoxic,histone deacetylase,nrp pk,,,
streptolydigin,yes,,,rna polymerase ,nrp pk,,gram pos,
tallysomycin,,,cytotoxic,dna,nrp pk,,,
thuggacin,yes,,,,nrp pk,,gram pos,
tirandamycinn,yes,,,,nrp pk,,gram pos,
xenocoumacin,yes,,,,nrp pk,,gram pos; gram neg,
zeamine,yes,,,,nrp pk,,gram pos; gram neg,
zorbamycin,,,cytotoxic,,nrp pk,,,
polyketomycin,yes,,cytotoxic,,pk saccharide,,gram pos,
cylindrocyclophane,,,cytotoxic,,pk,,,
kendomycin,yes,,cytotoxic,,pk,,gram pos; gram neg,
chivosazol,,yes,cytotoxic,actin,nrp pk,,,
kirromycin,yes,,,EF-Tu,nrp pk,,gram pos; gram neg,
nosperin,,,unknown,,pk,,,
simocyclinone,yes,,cytotoxic,DNA gyrase,pk saccharide,,gram pos,
liposidomycin,yes,,,translocase,nucleoside,,gram pos,
napyradiomycin,yes,,,,pk,,gram pos,
endophenazine,yes,yes,,,other,,gram pos; gram neg,
merochlorin,yes,,,,pk,,gram pos,
bacillaene,yes,,,,other,,gram pos; gram neg,
bacillomycin,,yes,,,nrp,,,
diaphorin,,,cytotoxic,,nrp pk,,,
fengycin,,yes,,,nrp,,,
kalimantacin,yes,,,FabI,nrp pk,,gram pos,
leinamycin,yes,,cytotoxic,DNA,nrp pk,,gram pos; gram neg,
malleilactone,yes,,siderophore; virulence factor; cytotoxic,,nrp pk,,gram pos,
onnamide,,,cytotoxic,ribosome,nrp pk,,,
pederin,,,cytotoxic,ribosome,pk,,,
psymberin,,,cytotoxic,,nrp pk,,,
rhizopodins,,,cytotoxic,,nrp pk,,,
rhizoxin,,,cytotoxic,tubulin,nrp pk,,,
thailanstatin,,,cytotoxic,spliceosome,nrp pk,,,
divergolide,yes,,cytotoxic,,pk,,?,
burkholderic_acid,?,,cytotoxic; siderophore,,nrp pk,,,
ambiguine,yes,yes,cytotoxic,,terpene,,gram pos; mycobacterium,
xenotetrapeptide,,,unknown,,nrp,,,
taxlllaid,,,anti-eukaryotic,,nrp,,,
marinacarboline,,,antitumor; cytotoxic; antiplasmodium,,alkaloid,,,
A201A,yes,,,ribosome,nucleoside,,gram pos; anaerobic gram neg,
platensimycin,yes,,,fatty acid synthase,terpene,,gram pos,
cyclothiazomycin_B,yes,yes,,fungal cell wall; bacterial rna polymerase,ripp,,gram pos,
cyclothiazomycin_C,yes,,,,ripp,,gram pos,
distamycin,yes,yes,cytotoxic,dna,nrp,,gram pos,
brabantamide,,yes,,,nrp saccharide,,,
pamamycin,yes,yes,antioxidant; cytotoxic; siderophore; signalling; surfactant,,pk,,gram pos; mycobacterium,
clavams,,yes,,methionine synthesis,beta-lactam,,,
fusaricidin,,yes,,,nrp,,,
polymyxin,yes,,no activity against E coli,,nrp,,gram neg,
cacibiocin,no,,,,other,,,
GE2270_2,yes,,,EF-Tu,ripp,,gram pos,
platencin,yes,,,FabF; FabH,terpene,,gram pos,
bottromycin_a2,yes,,,ribosome,ripp,,gram pos,
marinopyrrole,yes,,,,nrp,,gram pos,
nonadecene,,,other,,pk,,,
heptadecene,,,other,,pk,,,
curacin_2,,,cytotoxic,tublin,nrp pk,,,
piricyclamide,,,unknown,,ripp,,,
livipeptin,,,protease inhibitor,trypsin,nrp,,,
piericidin_a1,,yes,antitumor,mitochondrial complex I,pk,,,
clostridiolysin_s,,,cytotoxic,,ripp,,,
listeriolysin_s,,,cytotoxic,,ripp,,,
chlorizidine_a,,,cytotoxic,,nrp,,,
plantazolicin_2,yes,,,,ripp,,gram pos,
streptomonomicin,yes,,,,ripp,,gram pos,
corynazolicin,,,unknown; antibiotic in MiBig,,ripp,,?,
mensacaricin,,,cytotoxic,,pk,,,
UK_68_597,yes,,,peptidoglycan precursors,nrp,,gram pos,
rishirilide_b,,,,alpha2-macroglobulin inhibitor,pk,,,
isopropylstilbene,yes,yes,signaling,,other,,gram pos,
bacilysin,yes,yes,,,other,,gram neg; gram pos,
bacillibactin,,,siderophore,iron,nrp,,,
poaeamide,,yes,,,nrp,,,
nannocystin,,yes,cytotoxic,elongation factor 1a,nrp pk,,,
marinophenazines,,,cytotoxic,,other,,,
streptocollin,,,,phosphatase inhibitor,ripp,,,
retimycin,,,cytotoxic,,nrp,,,
SBI_06990,,,unknown,,nrp,,,
salinamide,yes,,,rna polymerase ,nrp,,gram pos; gram neg,
microsclerodermins_2,,yes,,,nrp,,,
aresnopolyketides,,,unknown,,other,,,
pseudopyronine,yes,yes,cytotoxic,fatty acid synthase,other,,gram pos,
flavecins,yes,,,,ripp,,gram pos,
rakicidin,,,cytotoxic,,nrp,,,
rakicidin_2,,,cytotoxic,,nrp,,,
rakicidin_d,,,cytotoxic,,nrp,,,
BE_43547A1,,,cytotoxic,,nrp pk,,,
BE_43547A1_2,,,cytotoxic,,nrp pk,,,
BE_54017,,,cytotoxic,,alkaloid,,,
cladoniamide,,,cytotoxic,,alkaloid,,,
borregomycin,,,cytotoxic,,alkaloid,,,
erdasporine,,,cytotoxic,,alkaloid,,,
lazarimide,,,cytotoxic,,alkaloid,,,
bananamide,,,unknown,,nrp,,,
poaeamide_b,,,unknown,,nrp,,,
JBIR_100,yes,yes,,,pk,,gram pos,
myxochromide_d,,,unknown,,nrp pk,,,
myxochromide_d_2,,,unknown,,nrp pk,,,
myxochromide_d_3,,,unknown,,nrp pk,,,
myxochromide_d_4,,,unknown,,nrp pk,,,
myxochromide_b,,,unknown,,nrp pk,,,
myxochromide_a,,,unknown,,nrp pk,,,
myxochromide_c,,,unknown,,nrp pk,,,
myxochromide_c_2,,,unknown,,nrp pk,,,
myxochromide_a_2,,,unknown,,nrp pk,,,
myxochromide_a_3,,,unknown,,nrp pk,,,
myxochromide_a_4,,,unknown,,nrp pk,,,
myxochromide_s,,,unknown,,nrp pk,,,
myxochromide_s_2,,,unknown,,nrp pk,,,
myxochromide_s_3,,,unknown,,nrp pk,,,
myxochromide_d_5,,,unknown,,nrp pk,,,
argimycin,yes,,,,pk,,?,
ikarugamycin,yes,yes,,,nrp pk,,gram pos,
obafluorin,yes,,,,nrp,,?,
warkmycin,yes,,antitumor,,pk saccharide,,gram pos,
cervnimycin,yes,,,,pk saccharide,,gram pos;?,
cystargolide,,,cytotoxic?,proteasome inhibitor,other,,,
belactosin,,,cytotoxic?,proteasome inhibitor,other,,,
actinonin,yes,,,metalloprotinase; bacterial peptide deformylase,nrp,,gram pos; gram neg,
matylstatins,,,virulence factor inhbitor,collogenase,nrp,,,
aculeximycin,yes,yes,antilarval,,pk,,gram pos; gram neg,
ambruticin,,yes,,,pk,,,
amphotericin,,yes,,,pk,,,
subtilosin_a,yes,,,,ripp,bacillus,gram pos; gram neg,
anglomycin,yes,,,,pk,,?,
anglomycin_2,yes,,,,pk,,?,
ansamitocin,,,antitumor; cytotoxic,,pk,,,
cerein,yes,,,,ripp,,gram pos,
megacin,yes,,,,ripp,,gram pos,
apoptolidin,,,cytotoxic,,pk,,,
avermectin,,,cytotoxic; insecticide; anti-parasite,DNA,pk,,,
calcimycin,yes,yes,ionophore,calcium,pk,,gram pos,
calicheamicin,yes,yes,cytotoxic; antitumor,,pk,,gram pos; gram neg,
candicidin,,yes,,,pk,,,
chalcomycin,yes,,,,pk,,gram pos,
concanamycin_a,,,cytotoxic,vacuolar type H+-ATPase,pk,,,
cremimycin,yes,,,,pk,,gram pos,
curacin_a,,,cytotoxic,,pk,,,
dihyrdochalcomycin,,,unknown,,pk,,,
E_492_E_975,,,,electron transport,pk,,,64ug/mL
E_837,,yes,,electron transport,pk,,,64ug/mL
ebelactone,,yes,,esterase; homoserine acetyl transferase,pk,,?,
ECO_2301,,yes,,,pk,,,
elaiophylin,,enhances other,antitumor; cytotoxic,autophagy,pk,,,
erythromycin_2,yes,,,,pk,,gram pos; some gram neg,
FD_891,,,antitumor; cytotoxic,,pk,,,
filipin,,yes,,,pk,,,
fostriecin,,,antitumor; cytotoxic,topoisomerase,pk,,,
FR_008,,yes,,,pk,,,
geldanamycin,,yes,antitumor; cytotoxic,hsp90,pk,,,
geldanamycin_2,,yes,antitumor; cytotoxic,hsp90,pk,,,
geldanamycin_3,,yes,antitumor; cytotoxic,hsp90,pk,,,
gephyronic_acid,,yes,antitumor; cytotoxic,,pk,,,
halstoctacosanolide,,,unknown,,pk,,,
herbimycin,,,herbicide; antitumor; cytotoxic,,pk,,,
hygrocin,yes,yes,,,pk,,?,
incednine,,,antitumor,,pk,,,
indanomycin,yes,anti-insect,ionophore,,pk,,gram pos,
jerangolid,,yes,,,pk,,,
kijanimicin,yes,,,,pk,,gram pos,
laidlomycin,yes,,antitumor,,pk,,gram pos,
lankamycin,yes,,antitumor,ribosome,pk,,gram pos,
lasalocid,yes,,antiparasite,,pk,,gram pos,
marineosin,,,cytotoxic; antitumor,,pk,,,
megalomicin,yes,,antiparasite; antiviral,,pk,,gram pos; gram neg,
meilingmycin,,,antiparasite; unknown,,pk,,,
midecamycin,yes,,,ribosome,pk,,gram pos; gram neg,
monensin,yes,,ionophore; antiparasite,,pk,,gram pos,
mycinamicin,yes,,,,pk,,gram pos,
mycolactone,,,cytotoxic; toxin; immunosuppresive,,pk,,,
nanchangmycin,yes,,ionophore; antiviral; insecticidal,,pk,,?,
natamycin,,yes,,,pk,,,
nemadectin,,,antiparasite; nematocidal,,pk,,,
neocarzilin,,,antitumor,,pk,,,
niddamycin,yes,,,,pk,,gram pos,
nystain_like_polyene,,yes,,,pk,,,
oligomycin,weak?,yes,cytotoxic; antitumor,atp synthase,pk,,,
pactamycin_2,yes,yes,,ribosome,pk,,gram pos; gram neg,
phoslactomycin_b,,yes,antitumor,,pk,,,
piericidin_a1_2,,yes,antitumor,mitochondrial complex I,pk,,,
pimaricin,,yes,,,pk,,,
pladienolide,,,antitumor; cytotoxic,,pk,,,
pyoluteorin,,yes,,,pk,,,
pyoluteorin_2,,yes,,,pk,,,
pyrrolomycin,yes,weak,,,pk,,gram pos,
pyrrolomycin_2,yes,weak,,,pk,,gram pos,
pyrrolomycin_3,yes,weak,,,pk,,gram pos,
quartromicin,,,antiviral,,pk,,,
reveromycin,,yes,activity against eukaryotic cells; antitumor; cytotoxic,,pk,,,
rifamycin,yes,,,,pk,,gram pos; gram neg,
rifamycin_2,yes,,,,pk,,gram pos; gram neg,
rimocidin,,yes,,,pk,,,
RK_682,yes,,antitumor,phosphatase,pk,,?,
rubradirin,yes,,,ribosome,pk,,gram pos,
salinilactam,,,unknown,,pk,,,
salinomycin_2,yes,,,Na K,pk,,gram pos,
salinosporamide_a,,,antitumor; cytotoxic,proteasome,pk,,,
spinosad,,,antiparasite; insectiside,,pk,,,
tautomycetin,,yes,immunosuppresor; antitumor,phosphatase,pk,,,
tetrocarcin_a,yes,,mitochondria; antitumor,,pk,,gram pos,
tetronasin,yes,yes,ionophore,,pk,,gram pos,
tetronomycin,yes,yes,ionophore,,pk,,gram pos,
tylactone,,,unknown,,pk,,,
vicenistatin,,,antitumor; cytotoxic,,pk,,,
basiliskamides,,yes,,,pk,,,
tartrolon,yes,,antitumor,,pk,,gram pos,
A_74528,,,antiviral,2'-PDE,pk,,,
aclacinomycin,,,antitumor; cytotoxic,,pk,,,
aclacinomycin_2,,,antitumor; cytotoxic,,pk,,,
aclacinomycin_3,,,antitumor; cytotoxic,,pk,,,
azicemicin,yes,,,,pk,,gram neg; some gram pos,
BE_7585A,,,unknown,,pk,,,
bryostatin,,,antitumor; neurological,protein kinase C,pk,,,
chartreusin_2,yes,?,antitumor,topoisomerase,pk,,gram pos,
chelocardin,yes,,,,pk,,gram pos; gram neg,
chortetracycline,yes,,,,pk,,gram pos; gram neg,
chrysomycin,yes,,antiviral (bacterial); antitumor,,pk,,gram pos,
cosmomycin,,,antitumor; cytotoxic,,pk,,,
curamycin,yes,,,,pk,,gram pos,
dactylocycline,yes,,,,pk,,gram pos,
daunorubicin,,,antitumor; cytotoxic,,pk,,,
doxorubicin,,,antitumor; cytotoxic,,pk,,,
erdacin,,,antioxidant,,pk,,,
FD_594,yes,,antitumor; cytotoxic,,pk,,gram pos,
frenolicin,yes,yes,,,pk,,gram pos,
glivocarcin,yes,yes,antitumor; cytotoxic,,pk,,?,
granaticin_2,yes,,,,pk,,?,
griseusin,,yes,cytotoxic; antitumor,,pk,,,
hatomarubigin,,,cytotoxic; antitumor,,pk,,,
hedamycin,yes,,cytotoxic; antitumor,DNA,pk,,,
jadomycin,yes,,,,pk,,gram pos,
kiamycin,,,cytotoxic; antitumor,,pk,,,
kiamycin_2,,,cytotoxic; antitumor,,pk,,,
lactomycin_z,yes,,,,pk,,gram pos,
lactomycin,yes,,,,pk,,gram pos,
lysolipin,yes,,,,pk,,gram pos; gram neg,
macrotetrolide,yes,,,,pk,,gram pos,
macrotetrolide_2,yes,,,,pk,,gram pos,
medermycin,yes,,antitumor,,pk,,gram pos; gram neg,
mithramycin_2,yes,,cytotoxic,dna,pk saccharide,,gram pos,
naptocyclinone,yes,,,,pk,,?,
nogalamycin_2,yes,,cytotoxic; antitumor,dna,pk saccharide,,gram pos,
nogalamycin_3,yes,,cytotoxic; antitumor,dna,pk saccharide,,gram pos,
nonactin,yes,yes,ionophore; antitumor,NH4; K,pk,,gram pos,
oxytetracycline,yes,,,,pk,,gram pos; gram neg,
pederin_2,,,cytotoxic,ribosome,pk,,,
pradimicin,,yes,,,pk,,,
prodigiosin,yes,yes,cytotoxic; antimalaria; immunosuppresor,,pk,,gram pos,
prodigiosin_2,yes,yes,cytotoxic; antimalaria; immunosuppresor,,pk,,gram pos,
prodigiosin_3,yes,yes,cytotoxic; antimalaria; immunosuppresor,,pk,,gram pos,
prodigiosin_4,yes,yes,cytotoxic; antimalaria; immunosuppresor,,pk,,gram pos,
R1128,,,unknown,estrogen receptor,pk,,,
ravidomycin,,yes,cytotoxic; antitumor,,pk,,,
rhodomycin,yes,,cytotoxic; antitumor,,pk,,gram pos,
rubromycin,,,unknown (not sure which analogues are made by this cluster),,pk,,,
Sch47554_47555,,,unknown,,pk,,,
simocyclinone_2,yes,,cytotoxic,DNA gyrase,pk saccharide,,gram pos,
spore_pigment,,,pigment,,pk,,,
spore_pigment_2,,,pigment,,pk,,,
urdamycin,yes,,antitumor,,pk,,gram pos,
urdamycin_2,yes,,antitumor,,pk,,gram pos,
xantholipin,yes,yes,antitumor,,pk,,gram pos,
2_4_diacetylphloroglucinol,yes,yes,protects plants,,pk,,gram pos,
phenolic_lipids,,,cyst formation (protective coat),,pk,,,
viguiepinol,,,unknown,,pk,,,
2_amino_4_methoxy_trans_3_butenoic_acid,yes,,cytotoxic,,nrp,,?,
A_503083,yes,,,peptidogylcan synthesis,nrp,,?,
A54145,yes,,,,nrp,,gram pos,
acinetobactin,,,siderophore,,nrp,,,
actinetoferrin,,,siderophore,,nrp,,,
actinomycin,yes,yes,antitumor; cytotoxic,dna,nrp,,gram pos; gram neg,
alterochromides,,,unknown,,nrp,,,
amychelin,,,siderophore,,nrp,,,
anabaenopeptin_2,,,protease inhibitor,,nrp,,,
anthramycin,yes,yes,antitumor; cytotoxic,,nrp,,,
aureusimine,not observed,,virulence,,nrp,,,
bacillibactin_2,,,siderophore,iron,nrp,,,
bacitracin,yes,,,,nrp,,gram pos,
balhimycin,yes,,,,nrp,,gram pos,
capreomycin,yes,,,,nrp,,gram pos; gram neg; mycobacterium,
chloroeremomycin,yes,,,,nrp,,gram pos,
coelibactin,,,ionophore,,nrp,,,
coelichelin,,,siderophore,,nrp,,,
complestatin,yes,,anti-HIV,,nrp,,gram pos,
congocidine,yes,,,,nrp,,gram pos; gram neg,
coronatine,,,phytotoxic; virulence,,nrp,,,
corpeptin,yes,,surfactant; phytotoxic,,nrp,,gram pos,
cyanopeptin,,,unknown,,nrp,,,
cystomanamides,,,unknown,,nrp,,,
daptomycin,yes,,,,nrp,,gram pos,
echinomycin,yes,yes,antitumor; cytotoxic; antiviral,,nrp,,gram pos,
echosides,,,antitumor; unknown,topoisomerase,nrp,,,
enduracidin,yes,,,,nrp,,gram pos; mycobacterium; few gram neg,
enterobactin,,,siderophore,,nrp,,,
entolysin,,,swarming motility,,nrp,,,
equibactin,,,siderophore,,nrp,,,
erythrochelin,yes,,siderophore,,nrp,,gram pos,
exochelin,,,siderophore,,nrp,,,
FK506,,yes,immunosuppresor,,nrp,,,
friulimicin,yes,,,cell wall,nrp,,gram pos,
fusaricidin_2,,yes,,,nrp,,,
fuscachelin,,,siderophore,,nrp,,,
GE81112,yes,,,protein synthesis,nrp,,gram pos; gram neg,
glycopeptidolipid,,,membrane,,nrp,,,
glycopeptidolipid_1,,,membrane,,nrp,,,
glycopeptidolipid_2,,,membrane,,nrp,,,
glycopeptidolipid_3,,,membrane,,nrp,,,
gobichelin,,,siderophore,,nrp,,,
gramicidin,yes,,,,nrp,,gram pos; gram neg,
griseobactin,,,siderophore,,nrp,,,
heterobactin,,,siderophore,,nrp,,,
holomycin,yes,yes,antitumor; cytotoxic,rna synthesis,nrp,,gram pos; gram neg,
indigoidine,yes,,,,nrp,,gram neg,
JBIR_34,not observed,,radical scavanging,,nrp,,,
koranimine,,,unknown,,nrp,,,
kutznerides,,yes,,,nrp,,,
laspartomycin,yes,,,,nrp,,gram pos,
lichenysin,yes,,cytotoxic; surfactant,,nrp,,gram pos; gram neg,
lipstatin,,,,human pancreatic lipase,nrp,,,
lysobactin,yes,,,,nrp,,gram pos,
mangotoxin,,,phytotoxin,,nrp,,,
mannopeptimycin,yes,,,,nrp,,gram pos,
mirubactin,,,siderophore,,nrp,,,
naphthyridinomycin,yes,,antitumor; cytotoxic,dna synthesis,nrp,,gram pos; gram neg,
nocardicin,yes,,,,nrp,,gram neg; mycobacterium,
nodularin,,,phytotoxin,,nrp,,,
nostocyclopeptide,no,no,weak antitumor,hepatocyte drug transpoter,nrp,,,
paenibacterin,yes,,,,nrp,,gram pos; gram neg,
paenibactin,,,siderophore,,nrp,,,
pelgipeptin,yes,yes,,,nrp,,gram pos; gram neg,
plipastatin,,yes,,,nrp,,,
polymyxin_2,yes,,no activity against E coli,,nrp,,gram neg,
porothramycin,yes,,antitumor; cytotoxic,DNA alkylation,nrp,,gram pos; anaerobe gram neg,
pseudomonine,,,siderophore,,nrp,,,
putisolvin,yes,yes,surfactant,breaks down biofilms,nrp,,?,
pyochelin,yes,,siderophore,,nrp,,gram pos; weak gram neg,
pyoverdine,,,siderophore,,nrp,,,
quinocarcin,,,antitumor; cytotoxic,DNA alkylation,nrp,,,
quinomycin,yes,,antitumor; antiviral; cytotoxic,notch pathway; DNA,nrp,,gram pos,
rhodochelin,,,siderophore,,nrp,,,
ristocetin,yes,,,,nrp,,gram pos; gram neg,
safracin,,,antitumor; cytotoxic,,nrp,,,
saframycin_a,,,antitumor; cytotoxic,,nrp,,,
scabichelin,,,siderophore,,nrp,,,
sibiromycin,yes,,antitumor; cytotoxic,DNA alkylation,nrp,,?,
streptothricin,yes,,antiviral,,nrp,,some gram pos; gram neg,
SW_163,yes,,antitumor; cytotoxic,DNA,nrp,,gram pos,
syringafactin,,,surfactant; swarming,,nrp,,,
syringolin_a,,,virulence; antitumor,proteasome,nrp,,,
syringomycin,,,phytotoxin,,nrp,,,
syringopeptin,,,virulence,,nrp,,,
teicoplanin_2,yes,,,lipid II,nrp saccharide,actinoplanes,gram pos,
thaxtomin,,,phytotoxin,,nrp,,,
tilivaline,,,toxin,,nrp,,,
tomaymycin,,,antitumor; cytotoxic,,nrp,,,
tridecaptin,yes,,,,nrp,,gram neg,
triostin_a,,,antitumor; cytotoxic,dna,nrp,,,
turnerbactin,,,siderophore,,nrp,,,
tyrocidine,yes,,control sporolation,,nrp,,gram pos,
vanchrobactin,,,siderophore,,nrp,,,
vancomycin,yes,,,,nrp,,gram pos,
vicibactin,,,siderophore,,nrp,,,
viomycin,yes,,,,nrp,,mycobacterium; weak to other,
vulnibactin,,,siderophore,,nrp,,,
WAP_8294A2,yes,,,,nrp,,gram pos,
yatakemycin,,yes,antitumor; cytotoxic,DNA alkylation,nrp,,,
yersiniabactin,,,siderophore,,nrp,,,
bottromycin_a2_2,yes,,,ribosome,ripp,streptomyces,gram pos,
bottromycin_d,yes,,,,ripp,,gram pos,
patellamide_a,,,moderately cytotoxic,,ripp,,,
trichamide,,,no oberserved microbial activity,,ripp,,,
glycocin_f,yes,,,,ripp,,gram pos,
acidocin_b,yes,,,,ripp,,gram pos,
butyrivibriocin_ar10,,,unknown,,ripp,,,
carnocyclin,yes,,,,ripp,,gram pos,
enterocin_AS_48,yes,,,,ripp,,gram pos; gram neg,
garvicin_ml,yes,,,,ripp,,gram pos,
gassericin_a,yes,,,,ripp,,gram pos,
uberolysin,yes,,,,ripp,,?,
actagardine,yes,,,,ripp,,gram pos,
amfs,,,regulation; inhibits aerial mycelium formation; streptomycin synthesis,,ripp,,,
BhtA1_BhtA2,,,unknown,,ripp,,,
bovicin_hj50,yes,,signaling,,ripp,,gram pos,
butyrivbriocin_or79,yes,,,,ripp,,?,
carnolysin_a1_a2,yes,,,,ripp,,gram pos,
cerecidin,yes,,,,ripp,,gram pos,
cytolysin,yes,,cytotoxic,,ripp,,gram pos,
epicidin,yes,,,,ripp,,?,
epilancin_k7,,,unknown,,ripp,,,
gallidermin,yes,,,,ripp,,gram pos,
lacticin_2,yes,,,membrane,ripp,,gram pos,
lacticin_z,yes,,,,ripp,,gram pos,
lactocin_s,yes,,,,ripp,,gram pos,
lichenicidin_vk21_a1,yes,,,,ripp,,gram pos,
mersacidin,yes,,,,ripp,,gram pos,
michiganin_a,yes,,,,ripp,,gram pos (very narrow),
mutacin_b_ny266,yes,,,,ripp,,gram pos,
mutacin_i,yes,,,,ripp,,?,
mutacin_ii,yes,,,,ripp,,?,
mutacin_iii,yes,,,,ripp,,?,
mutacin_k8,yes,,,,ripp,,?,
nisin_q,yes,,,,ripp,lactococcus,gram pos,
nisin_u,yes,,,,ripp,streptococcus,gram pos,
nisin_z,yes,,,,ripp,lactococcus,gram pos,
nukacin_isk1,yes,,,,ripp,staphylococcus,gram pos,
paenibacillin,yes,,,,ripp,paenibacillus,gram pos,
paenicidin_a,yes,,,,ripp,paenibacillus,gram pos,
paenicidin_b,yes,,,,ripp,paenibacillus,gram pos,
pep5,yes,,,,ripp,staphylococcus,gram pos,
ruminococcin_a,yes,,,,ripp,ruminococcus,gram pos,
salivaricin_9,yes,,,,ripp,streptococcus,gram pos,
salivaricin_a,yes,,,,ripp,streptococcus,gram pos,
salivaricin_d,yes,,,,ripp,streptococcus,gram pos,
salivaricin_g32,yes,,,,ripp,streptococcus,gram pos,
Smb_A_Smb_B,yes,,,,ripp,streptococcus,?,
staphylococcin_c55_alpha,,,unknown,,ripp,streptococcus,gram pos,
streptin,yes,,,,ripp,streptococcus,gram pos,
sublancin_168,yes,,,,ripp,bacillus,gram pos,
thermophilin_1277,yes,,,,ripp,streptococcus,gram pos,
goadsporin,yes,,morphogenesis,,ripp,streptomyces,gram pos,
trifolitoxin,,,unknown,,ripp,rhizobium,,
microcin_b17,yes,,,dna gyrase,ripp,escherichia,gram neg,
astexin_1,yes,,,,ripp,asticcacaulis,gram neg,
burhizin,,,unknown,,ripp,burkholderia,,
capistruin,yes,,,rna polymerase ,ripp,burkholderia,gram neg,
caulonodin,,,unknown,,ripp,caulobacter,,
caulosegnin,,,unknown,,ripp,caulobacter,,
lariatin,yes,,,,ripp,rhodococcus,mycobacterium,
rubrivinodin,,,unknown,,ripp,rubrivivax,,
sphingonodin_ii,,,unknown,,ripp,sphingobium,,
xanthomonin,,,unknown,,ripp,xanthomonas,,
microcin_j25,yes,,,,ripp,escherichia,gram neg,
colicin_v,yes,,,,ripp,escherichia,gram neg,
microcin_c7,yes,,,translation,ripp,escherichia,gram neg,
microcin_e492,yes,,,pore forming,ripp,klebsiella,gram neg,
microcin_h47,yes,,siderophore,,ripp,escherichia,gram neg,
microcin_l,,,unknown,,ripp,escherichia,,
microcin_m,yes,,siderophore,,ripp,escherichia,gram neg,
microcin_n,yes,,,,ripp,escherichia,gram neg,
marinostatin,,,,protease inhibitor,ripp,alteromonas,,
microviridin_k,,,,peptidase inhibitor,ripp,planktothrix,,
thuricin_cd,yes,,,,ripp,bacillus,gram pos; clostridium difficile,
thuricin_h,yes,,,,ripp,bacillus,gram pos; bacillus,
subtilosin_a_2,yes,,,,ripp,bacillus,gram pos; gram neg,
GE37468,yes,,,EF-Tu,ripp,streptomyces,gram pos,
lactazole,no,,,,ripp,streptomyces,,
micrococcin_p1,yes,,,ribosome,ripp,macrococcus,gram pos,
nocathiacin,yes,,,,ripp,actinokineospora,gram pos; mycobacterium,
nocathiacin_2,yes,,,,ripp,nocardia,gram pos; mycobacterium,
nosiheptide,yes,,,,ripp,streptomyces,gram pos,
siomycin,yes,,antitumor,antitumor,ripp,streptomyces,gram pos; gram neg,
thiostrepton,yes,,antitumor,antitumor,ripp,streptomyces,gram pos; gram neg,
coagulin,yes,,,,ripp,bacillus,gram pos; bacillus; listeria; pediococcus; enterococcus,
enterocin_a,yes,,,,ripp,enterococcus,gram pos,
gassericin_t,yes,,,,ripp,lactobacillus,gram pos,
lacticin_q,yes,,,membrane,ripp,lactococcus,gram pos,
megacin_2,yes,,,,ripp,bacillus,gram pos,
plantaricin_w,yes,,,,ripp,lactobacillus,gram pos,
salivaricin_crl1328,yes,,,,ripp,lactobacillus,gram pos,
thioviridamide,,,unknown; antitumor,,ripp,streptomyces,,
thuricin,yes,,,,ripp,bacillus,gram pos,
astaxanthin,,,antioxidant; pigment; immune modulator,,terpene,paracoccus,,
brasilicardin_a,,yes,antitumor;immune suppresor; cytotoxic,,terpene,nocardia,,
carotenoid_2,,,unknown,,terpene,streptomyces,,
carotenoid_3,,,antioxidant,,terpene,brevundimonas,,
carotenoid_4,,,antioxidant,,terpene,paracoccus,,
carotenoid_5,,,light harvesting pigment,,terpene,brevibacterium,,
carotenoid_6,,,antioxidant,,terpene,corynebacterium,,
carotenoid_7,,,antioixidant,,terpene,pantoea,,
carotenoid_8,,,antioixidant,,terpene,enterobacteriaceae,,
carotenoid_9,,,antioixidant,,terpene,enterobacteriaceae,,
carotenoid_10,,,antioixidant,,terpene,enterobacteriaceae,,
carotenoid_11,,,antioixidant,,terpene,enterobacteriaceae,,
carotenoid_12,,,antioxidant,,terpene,brevundimonas,,
carotenoid_13,,,antioxidant,,terpene,dietzia,,
carotenoid_14,,,antioxidant,,terpene,halobacillus,,
carotenoid_15,,,antioxidant,,terpene,myxococcus,,
carotenoid_16,,,antioxidant,,terpene,streptomyces,,
carotenoid_17,,,antioxidant,,terpene,algoriphagus,,
KS_505a,,,unknown,,terpene,streptomyces,,
napyradiomycin_2,yes,,,estrogen receptor (agonist),terpene,streptomyces,gram pos,
pentalenolactone,yes,yes,antiprotozoa,,terpene,streptomyces,gram pos; gram neg,
siomycin_2,yes,,antitumor,,ripp,streptomyces,gram pos; gram neg,
zeaxanthin,,,antioxidant,,terpene,xanthobacter,,
2_methylisoborneol_2,,,taste; odor,,terpene,streptomyces,,
2_methylisoborneol_3,,,taste; odor,,terpene,saccharopolyspora,,
albaflavenone,,,unknown,,terpene,streptomyces,,
grixazone,,,unknown,,terpene,streptomyces,,
hopene,,,unknown,,terpene,streptomyces,,
isorenieratene,,,antioxidant,,terpene,streptomyces,,
delta_cadinene,,,unknown,,terpene,streptomyces,,
t-muurolol,,,unknown,,terpene,streptomyces,,
pentalenolactone_2,yes,yes,antiprotozoa,,terpene,streptomyces,gram pos; gram neg,
diazepinomicin,yes,,,,terpene,micromonospora,gram pos,
2_deoxystreptamine,,,unknown; actually tobramycin?,,saccharide,micromonospora,,
5_hydroxystreptomycin,,,unknown,,saccharide,streptomyces,,
acarbose,,,,glucosidase inhbitor,saccharide,actinoplanes,,
apramycin,yes,,,ribosome,saccharide,streptoalloteichus,gram neg; gram pos,
butirosin,yes,,,,saccharide,bacillus,gram neg; gram pos,
butirosin_2,yes,,,,saccharide,bacillus,gram neg; gram pos,
fortimicin,yes,,,,saccharide,micromonospora,gram neg; gram pos,
gentamicin,yes,,,,saccharide,micromonospora,gram neg; gram pos,
gentamicin_2,yes,,,,saccharide,micromonospora,gram neg; gram pos,
hygromycin_a,yes,,,,saccharide,streptomyces,gram neg; gram pos,
hygromycin_b,yes,yes,,ribosome,saccharide,streptomyces,gram neg; gram pos,
istamycin,yes,,,,saccharide,streptomyces,gram neg; gram pos,
jinggangmycin,,yes,,,saccharide,streptomyces,,
kanamycin,yes,,,ribosome,saccharide,streptomyces,gram neg; gram pos,
kanamycin_2,yes,,,ribosome,saccharide,streptomyces,gram neg; gram pos,
kanamycin_3,yes,,,ribosome,saccharide,streptomyces,gram neg; gram pos,
kanamycin_4,yes,,,ribosome,saccharide,streptomyces,gram neg; gram pos,
kanamycin_5,yes,,,ribosome,saccharide,streptomyces,gram neg; gram pos,
kasugamycin,yes,yes,,ribosome,saccharide,streptomyces,gram neg; gram pos,
lividomycinn,yes,,,ribosome,saccharide,streptomyces,gram neg; gram pos,
neomycin,yes,,,ribosome,saccharide,streptomyces,gram neg; gram pos (partial),
neomycin_2,yes,,,ribosome,saccharide,streptomyces,gram neg; gram pos (partial),
neomycin_3,yes,,,ribosome,saccharide,streptomyces,gram neg; gram pos (partial),
paromomycin,yes,yes,antiparasite,ribosome,saccharide,streptomyces,gram neg; gram pos,
ribostamycin,yes,,,ribosome,saccharide,streptomyces,gram neg; gram pos,
sisomicin,yes,,,,saccharide,micromonospora,gram neg; gram pos,
spectinomycin,yes,,,ribosome,saccharide,streptomyces,gram neg; gram pos,
spectinomycin_2,yes,,,ribosome,saccharide,streptomyces,gram neg; gram pos,
streptomycin,yes,,,ribosome,saccharide,streptomyces,gram neg; gram pos,
streptomycin_2,yes,,,ribosome,saccharide,streptomyces,gram neg; gram pos,
tobramycin,yes,,,ribosome,saccharide,streptomyces,gram neg; gram pos,
tobramycin_2,yes,,,ribosome,saccharide,streptomyces,gram neg; gram pos,
tobramycin_3,yes,,,ribosome,saccharide,streptomyces,gram neg; gram pos,
validamycin_2,yes,yes,,trehalase,saccharide,streptomyces,?,
streptomycin_3,yes,,,ribosome,saccharide,streptomyces,gram neg; gram pos,
alginate,,,immune stimulant; antioxidant; inhibits antibiotic diffusion,,saccharide,pseudomonas,,
alginate_2,,,immune stimulant; antioxidant; inhibits antibiotic diffusion,,saccharide,pseudomonas,,
auricin_deoxysugar_moieties,,,unknown,,saccharide,streptomyces,,
capsular_polysaccharide,,,capsule,,saccharide,klebsiella,,
capsular_polysaccharide_2,,,capsule,,saccharide,klebsiella,,
capsular_polysaccharide_3,,,capsule,,saccharide,klebsiella,,
capsular_polysaccharide_4,,,capsule,,saccharide,klebsiella,,
capsular_polysaccharide_5,,,capsule,,saccharide,raoultella,,
capsular_polysaccharide_6,,,capsule,,saccharide,klebsiella,,
capsular_polysaccharide_7,,,capsule,,saccharide,pasteurella,,
capsular_polysaccharide_8,,,capsule,,saccharide,pasteurella,,
capsular_polysaccharide_9,,,capsule,,saccharide,mannheimia,,
capsular_polysaccharide_10,,,capsule,,saccharide,pasteurella,,
capsular_polysaccharide_11,,,capsule,,saccharide,pasteurella,,
capsular_polysaccharide_12,,,capsule,,saccharide,pasteurella,,
capsular_polysaccharide_13,,,capsule,,saccharide,streptococcus,,
capsular_polysaccharide_14,,,capsule,,saccharide,streptococcus,,
capsular_polysaccharide_15,,,capsule,,saccharide,streptococcus,,
capsular_polysaccharide_16,,,capsule,,saccharide,streptococcus,,
capsular_polysaccharide_17,,,capsule,,saccharide,streptococcus,,
capsular_polysaccharide_18,,,capsule,,saccharide,streptococcus,,
capsular_polysaccharide_19,,,capsule,,saccharide,streptococcus,,
capsular_polysaccharide_20,,,capsule,,saccharide,streptococcus,,
capsular_polysaccharide_21,,,capsule,,saccharide,streptococcus,,
capsular_polysaccharide_22,,,capsule,,saccharide,escherichia,,
capsular_polysaccharide_23,,,capsule,,saccharide,actinobacillus,,
capsular_polysaccharide_24,,,capsule,,saccharide,actinobacillus,,
capsular_polysaccharide_25,,,capsule,,saccharide,actinobacillus,,
capsular_polysaccharide_26,,,capsule,,saccharide,actinobacillus,,
capsular_polysaccharide_27,,,capsule,,saccharide,avibacterium,,
capsular_polysaccharide_28,,,capsule,,saccharide,avibacterium,,
capsular_polysaccharide_29,,,capsule,,saccharide,avibacterium,,
capsular_polysaccharide_30,,,capsule,,saccharide,avibacterium,,
diutan_polysaccharide,,,biofilm,,saccharide,sphingomonas,,
emulsan,,,bioemulsifier,,saccharide,acinetobacter,,
exopolysaccharide,,,bioemulsifier,,saccharide,methylobacillus,,
exopolysaccharide_2,,,bioemulsifier,,saccharide,rhizobium,,
stewartan,,,biofilm,,saccharide,pantoea,,
exopolysaccharide_3,,,biofilm,,saccharide,lactococcus,,
exopolysaccharide_4,,,biofilm,,saccharide,lactococcus,,
exopolysaccharide_5,,,biofilm,,saccharide,lactococcus,,
exopolysaccharide_6,,,biofilm,,saccharide,lactococcus,,
gellan_polysaccharide,,,biofilm,,saccharide,sphingomonas,,
glycopeptidolipid_4,,,membrane,,saccharide,mycobacterium,,
lipooligosaccharide,,,membrane,,saccharide,campylobacter,,
lipooligosaccharide_2,,,membrane,,saccharide,campylobacter,,
lipopolysaccharide,,,membrane,,saccharide,brucella,,
lipopolysaccharide_2,,,membrane,,saccharide,brucella,,
lipopolysaccharide_3,,,membrane,,saccharide,legionella,,
lipopolysaccharide_4,,,membrane,,saccharide,escherichia,,
lipopolysaccharide_5,,,membrane,,saccharide,escherichia,,
lipopolysaccharide_6,,,membrane,,saccharide,aeromonas,,
lipopolysaccharide_7,,,membrane,,saccharide,aeromonas,,
o_and_k_antigen,,,capsule,,saccharide,vibrio,,
o_antigen,,,capsule,,saccharide,pseudomonas,,
o_antigen_2,,,capsule,,saccharide,burkholderia,,
o_antigen_3,,,capsule,,saccharide,xanthomonas,,
o_antigen_4,,,capsule,,saccharide,pseudomonas,,
o_antigen_5,,,capsule,,saccharide,burkholderia,,
o_antigen_6,,,capsule,,saccharide,edwardsiella,,
o_antigen_7,,,capsule,,saccharide,escherichia,,
o_antigen_8,,,capsule,,saccharide,salmonella,,
o_antigen_9,,,capsule,,saccharide,escherichia,,
o_antigen_10,,,capsule,,saccharide,escherichia,,
polysaccharide,,,capsule,,saccharide,enterococcus,,
o_antigen_11,,,capsule,,saccharide,cronobacter,,
lipopolysaccharide_oligosaccharide,,,capsule,,saccharide,salmonella,,
s_layer_glycan,,,cell wall,,saccharide,geobacillus,,
s_layer_glycan_2,,,cell wall,,saccharide,aneurinibacillus,,
s_layer_glycan_3,,,cell wall,,saccharide,paenibacillus,,
sphingan_polysaccharide,,,capsule,,saccharide,sphingomonas,,
colanic_acid,,,extracellular,,saccharide,escherichia,,
xanthan,,,emulsifier,,saccharide,xanthomonas,,
galactoglucan,,,cell wall,,saccharide,sinorhizobium,,
succinoglycan,,,emulsifier,,saccharide,sinorhizobium,,
gg_exopolysaccharide,,,cell wall,,saccharide,lactobacillus,,
acarviostatin,,,unknown,alpha amylase inhibitor,saccharide,streptomyces,,
phosphonoglycans,,,biofilm,,saccharide,glycomyces,,
phosphonoglycans_2,,,biofilm,,saccharide,stackebrandtia,,
AT2433,yes,,antitumor; cytotoxic,,alkaloid,actinomadura,gram pos,
k_252a,,,antitumor; unknown,protein kinase C,alkaloid,nonomuraea,,
K_252a_2,,,antitumor; unknown,protein kinase C,alkaloid,nonomuraea,,
rebeccamycin_3,yes,yes,antitumor; cytotoxic,topoisomerase,alkaloid,lechevalieria,,
staurosporine,,yes,,kinase,alkaloid,streptomyces,,
staurosporine_2,,yes,,kinase,alkaloid,streptomyces,,
staurosporine_3,,yes,,kinase,alkaloid,salinospora,,
violacein_3,yes,yes,antitumor; cytotoxic,,alkaloid,chromobacterium,gram pos,
violacein_4,yes,yes,antitumor; cytotoxic,,alkaloid,duganella,gram pos,
simocyclinone_3,yes,,cytotoxic,DNA gyrase,pk,streptomyces,gram pos,
flexirubin_2,,,antioxidant; pigment,,pk,flavobacterium,,
xanthomonadin,,,pigment,,other,xanthomonas,,
carbapenem_mm_4550,,,unknown,,other,streptomyces,,
clavulanic_acid_2,,,beta-lactamase inhibitor,beta-lactamase,other,streptomyces,,
tabtoxin,,,plant toxin; antibiotic precursor,,other,pseudomonas,,
gamma_butyrolactone_2,,,autoregulation pathways,,other,streptomyces,,
albonoursin,yes,,osmolyte,,other,streptomyces,gram pos,
ectoine,,,osmolyte,,other,sporosarcina,,
ectoine_2,,,osmolyte,,other,streptomyces,,
ectoine_3,,,osmolyte,,other,methylomicrobium,,
ectoine_4,,,osmolyte,,other,methylomicrobium,,
ectoine_5,,,osmolyte,,other,methylophaga,,
ectoine_6,,,osmolyte,,other,methylophaga,,
ectoine_7,,,osmolyte,,other,methylobacter,,
ectoine_8,,,osmolyte,,other,methylomicrobium,,
ectoine_9,,,osmolyte,,other,methylarcula,,
eicosapentaenoic_acid,,,fatty acid,,other,shewanella,,
eicosapentaenoic_acid_2,,,fatty acid,,other,shewanella,,
eicosapentaenoic_acid_3,,,fatty acid,,other,pseudoalteromonas,,
eicosapentaenoic_acid_like_compound,,,fatty acid,,other,moritella,,
eicosapentaenoic_acid_4,,,fatty acid,,other,photobacterium,,
polyhydroxyalkanoate,,,carbon storage,,other,burkholderia,,
polyhydroxyalkanoic_acids,,,carbon storage,,other,ectothiorhodospira,,
teichuronic_acid,,,cell wall,,other,bacillus,,
heterocyst_glycolipids,,,protection against O2 penetration,,other,nostoc,,
mycolic_acid,,,cell wall,,other,mycobacterium,,
A_90289,,,unknown,translocase,other,streptomyces,,
A201A_2,yes,,,ribosome,other,saccharothrix,gram pos; anaerobic gram neg,
blasticidin,yes,yes,,ribosome,other,streptomyces,gram pos; gram neg,
nikkomycin,,yes,,,other,streptomyces,,
polyoxin,,yes,,,other,streptomyces,,
puromycin,yes,,,ribosome,other,streptomyces,gram pos; weak gram neg,
toyocamycin,,yes,antitumor,,other,streptomyces,,
toyocamycin_2,,yes,antitumor,,other,streptomyces,,
mildiomycin,,yes,,,other,streptomyces,,
arginomycin,yes,yes,,,other,streptomyces,gram pos,
3_methylarginine,yes,,,,other,pseudomonas,gram neg; pseudomonas,
4-hydroxy-3-nitrospbenzamide,,,unknown,,other,streptomyces,,
allylmalonyl_coa,,,unknown,,other,streptomyces,,
bacilysin_2,yes,yes,,,other,bacillus,gram pos; gram neg,
bagremycin,yes,yes,,,other,streptomyces,gram pos; gram neg,
citrulline,,,arginine metabolism pathway?,,other,lactobacillus,,
d_cycloserine,yes,,,cell wall synthesis,other,streptomyces,tuberculosis; gram pos; gram neg,
dehydrophos,yes,,,,other,streptomyces,gram neg; gram pos,
desosamine_2,yes,,,,other,streptomyces,?,
flaviolin,,,unknown,,other,saccharopolyspora,,
fluorometabolite,,,unknown,,other,streptomyces,,
FR900098,yes,,antimalarial,,other,streptomyces,gram pos; gram neg,
heme_d1,,,denitrification,,other,heliobacillus,,
heme_d1_2,,,denitrification,,other,heliophilum,,
lincomycin,yes,,,,other,streptomyces,gram pos,
melanin,,,unknown; virulence; interaction with host,,other,streptomyces,,
melanin_2,,,unknown; virulence; interaction with host,,other,streptomyces,,
melanin_3,,,unknown; virulence; interaction with host,,other,streptomyces,,
melanin_4,,,unknown; virulence; interaction with host,,other,streptomyces,,
melanin_5,,,unknown; virulence; interaction with host,,other,streptomyces,,
menaquinone,,,electron transport,,other,enterobacter,,
methylenomycin,yes,,,,other,streptomyces,gram pos; gram neg,
molybdenum_cofactor,,,nitrate reduction,,other,staphylococcus,,
molybdenum_cofactor_2,,,nitrate reduction,,other,rhodobacter,,
ochronotic_pigment,,,unknown,,other,streptomyces,,
phaseolotoxin,,,phytotoxin,,other,pseudomonas,,
polyhydroxyalkanoate_2,,,carbon storage,,other,bacillus,,
PQS,,,secondary metabolite synthesis; signaling,,other,pseudomonas,,
paerucumarin,,,unknown,,other,pseudomonas,,
pyrrolnitrin,yes,yes,,,other,pseudomonas,gram pos,
quinolobactin,,,siderophore,,other,pseudomonas,,
rhizocticin,,yes,,,other,bacillus,,
roseoflavin,yes,,,,other,streptomyces,gram pos,
t3_toxin,,,neurotoxin,Na channels nerve cells,alkaloid,cylindrospermopsis,,
toxoflavin,yes,,toxin,,other,burkholderia,gram pos; gram neg,
tropoditheitic_acid,yes,,signaling; quorum sensing; antitumor,,other,phaeobacter,gram pos; gram neg,
xiamenmycin,,,antifibrotic; unknown,,other,streptomyces,,
pyocyanine,yes,yes,,,other,pseudomonas,gram pos; gram neg,
fosfazinomycin,,yes,,,other,streptomyces,,
aerobactin,,,siderophore,,other,grimontia,,
desferrioxamine_b,,,siderophore,,other,streptomyces,,
staphylobactin,,,siderophore,,other,staphylococcus,,
vibriobactin,,,siderophore,,other,vibrio,,
vibrioferrin,,,siderophore,,other,vibrio,,
vibrioferrin_2,,,siderophore,,other,vibrio,,
A_500359,yes,,,translocase,nrp,streptomyces,"?, mycobacterium",
pacidamycin,yes,,,cell wall synthesis,nrp,streptomyces,pseudomonas; gram neg,
ansatrienin,,yes,antitumor,,nrp pk,streptomyces,,
azinomycin_b,yes,,antitumor,,nrp pk,streptomyces,?,
bactobolin,yes,yes,antitumor; cytotoxic,,nrp pk,burkholderia,gram pos; gram neg,
caerulomycin_a,yes,yes,,,nrp pk,actinoalloteichus,gram pos,
crocacin,,yes,cytotoxic,electron transport,nrp pk,chondromyces,,
cylindrospermopsin_2,,,cytotoxic,,nrp pk,aphanizomenon,,
cylindrospermopsin_3,,,cytotoxic,,nrp pk,aphanizomenon,,
cylindrospermopsin_4,,,cytotoxic,,nrp pk,aphanizomenon,,
cystothiazole_a,,yes,cytotoxic; antitumor,,nrp pk,cystobacter,,
delftibactin,,,binds gold; unknown,,nrp pk,delftia,,
dkxanthene,,yes,pigment; development; antioxidant,,nrp pk,stigmatella,,
epothilone,,,antitumor; cytotoxic,,nrp pk,sorangium,,
epothilone_2,,,antitumor; cytotoxic,,nrp pk,sorangium,,
epothilone_3,,,antitumor; cytotoxic,,nrp pk,sorangium,,
epothilone_4,,,antitumor; cytotoxic,,nrp pk,sorangium,,
FK520,,yes,immunosuppresor; neurotrophic,,nrp pk,streptomyces,,
FR901464,,,antitumor; cytotoxic,spliceosome,nrp pk,pseudomonas,,
glidobactin,,yes,cytotoxic; antitumor,,nrp pk,polyangium,,
guadinomine,,,anti-infective,type iii secretion system,nrp pk,streptomyces,gram neg,
heat_stable_antifungal_factor,,yes,,sphingolipid synthesis,nrp pk,lysobacter,,
jawsamycin,,yes,,,nrp pk,streptomyces,,
locillomycin,yes,yes,antiviral,,nrp pk,bacillus,?,
melithiazol_2,,yes,cytotoxic,,nrp pk,melittangium,,
meridamycin,,,neuroprotectant; unknown,,nrp pk,streptomyces,,
meridamycin_2,,,neuroprotectant; unknown,,nrp pk,streptomyces,,
meridamycin_3,,,neuroprotectant; unknown,,nrp pk,streptomyces,,
microcystin_3,,,cytotoxic,phosphatase,nrp pk,planktothrix,,
micropeptin_k139,,,unknown,,nrp pk,mycrocystis,,
muraymycin,yes,,,translocase,nrp pk,streptomyces,gram pos,
mycobactin,,,siderophore; virulence,,nrp pk,mycobacterium,,
myxalamid,yes,yes,,electron transport,nrp pk,stigmatella,gram pos,
nocobactin_na,,,siderophore; free radical scavenger,,nrp pk,nocardia,,
oocydin_a,,yes,,,nrp pk,serratia,,
oocydin_a_2,,yes,,,nrp pk,serratia,,
paenilamicin,yes,yes,cytotoxic; antitumor,,nrp pk,paenibacillus,,
polyoxypeptin,,,apoptosis inducer; antitumor,,nrp pk,streptomyces,,
pyridomycin,yes,,,,nrp pk,streptomyces,mycobacterium,
rapamycin,,yes,immunosuppresor,,nrp pk,streptomyces,,
sanglifehrin_a,,,immunosuppresor; unknown,cyclophilin,nrp pk,streptomyces,,
sgr_ptms,,,unknown,,nrp pk,streptomyces,,
syringolin_a_2,,,virulence,proteasome,nrp pk,pseudomonas,,
tubulysin,,,cytotoxic,,nrp pk,angiococcus,,
yersiniabactin_2,,,siderophore,,nrp pk,escherichia,,
zwittermycin_a,yes,yes,,,nrp pk,bacillus,gram pos; gram neg,
dynemicin,yes,,antitumor; cytotoxic,dna,nrp pk,micromonospora,gram pos,
tln-05220,yes,,cytotoxic,,nrp pk,micromonospora,gram pos,
undecylprodigiosin,yes,yes,,,nrp pk,streptomyces,gram pos,
herboxidiene,yes,,anticholesterol; phytotoxic; cytotoxic; antitumor,,pk,streptomyces,gram pos,
kosinostatin,yes,yes,antitumor,,nrp pk,micromonospora,gram pos; gram neg,
cosmomycin_d,yes,,antitumor; cytotoxic,,nrp pk,streptomyces,gram pos,
aurachin_re,yes,,,,pk,rhodococcus,gram pos,
alkyl_o_dihydrogeranyl_methoxyhydroquinones,,,unknown,,pk,actinoplanes,,
furaquinocin_a,,,antitumor; cytotoxic,,pk,streptomyces,,
teleocidin_b,,,unknown,,nrp,streptomyces,,
astaxanthin_dideoxyglycoside,,,antioxidant; unknown,,terpene,sphingomonas,,
sioxanthin,,,antioxidant; unknown,,terpene,salinospora,,
albicidin,yes,yes,plant toxin,,nrp pk,xanthomonas,gram pos; gram neg,
corallopyronin,yes,,,,nrp pk,corallococcus,gram pos,
disorazole,,,cytotoxic,microtubule formation,nrp pk,sorangium,,
enacyloxin,yes,,,,nrp pk,burkholderia,gram pos; gram neg,
FR901464_2,,,antitumor; cytotoxic,spliceosome,nrp pk,pseudomonas,,
iturin,,yes,,,nrp pk,bacillus,,
lankacidin,yes,,antitumor,,nrp pk,streptomyces,gram pos,
mycosubtilin,,yes,,,nrp pk,bacillus,,
myxovirescin_2,yes,,,,nrp pk,myxococcus,gram pos (some); gram neg,
oxazolomycin,yes,yes,antitumor; antiviral,,nrp pk,streptomyces,gram pos; gram neg (weak),
spliceostatin,,,antitumor; cytotoxic,spliceosome,nrp pk,burkholderia,,
thiomarinol,yes,,,,nrp pk,pseudoalteromonas,gram pos; gram neg,
virginiamycin,yes,,,ribosome,nrp pk,streptomyces,gram pos,
himastatin,yes,,antitumor; cytotoxic,,nrp,streptomyces,gram pos,
puwainaphycins,,,cytotoxic,,nrp pk,cylindrospermum,,
jagaricin,,yes,virulence,,nrp,janthinobacterium,,
luminmide,,,unknown,,nrp,photorhabdus,,
pheganomycin,yes,,,,nrp,streptomyces,?,
lobophorin_2,yes,,cytotoxic,,pk,streptomyces,gram pos,
misakinolide,,,unknown,,pk,candidatus,,
legonaridin,,,unknown,,ripp,streptomyces,,
taiwanchelin,,,siderophore,,nrp,cupriavidus,,
A_102395,,,,translocase,other,amycolatopsis,,
colistin,yes,,,,nrp,paenibacillus,gram neg,
thiolutin,yes,yes,,,nrp,saccharothrix,gram neg; gram pos,
hitachimycin,yes,yes,cytotoxic,,pk,streptomyces,gram pos,
nocardiopsin,,,unknown,,nrp pk,nocardiopsis,,
desotamide,yes,,,,nrp,streptomyces,gram pos,
frankiamicin,yes,,,,pk,frankia,gram pos,
o_methylkolavelool,,,unknown,,terpene,herpetosiphon,,
akaeolide,yes,,cytotoxic,,pk,streptomyces,?,
lorenic_acid_a,,,unknown,,pk,streptomyces,,
eremophilene,,,odor; unknown,,terpene,sorangium,,
landepoxcin,,,unknown,proteasome,nrp pk,,,
clarexpoxcin,,,unknown,proteasome,nrp pk,,,
versipelostatin,,,unknown,chaperone downregulator,pk,streptomyces,,
indolmycin,yes,,,trp tRNA synthetase,other,streptomyces,gram pos; gram neg,
teixobactin,yes,,,cell wall synthesis,nrp,eleftheria,gram pos,
streptide,,,unknown,,ripp,streptococcus,,
pseudomycoicidin,yes,,,,ripp,bacillus,gram pos,
albachelin,,,siderophore,,nrp,amycolatopsis,,
nataxazole,,,antitumor; cytotoxic,,pk,streptomyces,,
marformycins,yes,,anti-infective,,nrp,streptomyces,?,
splenocin,,,cytokine inhibitor; unknown,,nrp pk,streptomyces,,
PreQ0_base,,,antitumor; cytotoxic,,other,streptomyces,,
acidocin_b_2,yes,,,,ripp,lactobacillus,gram pos; clostridium; lactobacillus,
hydroxysporine,,yes,antitumor,,other,,,
reductasporine,,yes,,,other,,,
celesticetin,yes,,,,nrp,streptomyces,gram pos,
isorenieratene_2,,,antioxidant,,terpene,streptomyces,,
leucanicidin,,,insecticide,,pk,kitasatospora,,
feglymycin,yes,,anti-HIV,,nrp,streptomyces,gram pos,
antalid,,,unknown,,nrp pk,polyangium,,
thiotetroamide,probably,,unknown,,pk,streptomyces,,
thiolactomycin,yes,,,,pk,streptomyces,gram pos; gram neg,
chaxamycin,yes,,antitumor,,pk,streptomyces,gram pos; gram neg,
maklamicin,yes,,,,pk,micromonaspora,gram pos,
penisin,yes,,,,ripp,paenibacillus,gram pos; gram neg,
enterocin_nkr_5_3b,yes,,,,ripp,enterococcus,gram pos,
A33853,,,anti-parasite,,other,streptomyces,,
cyclizidine,,,immune stimulation; cytotoxic,,pk,streptomyces,,
7_prenylisatin,yes,,,,other,streptomyces,bacillus; gram pos,
cremeomycin,yes,yes,antitumor,,other,streptomyces,gram neg; gram pos,
streptazone_e,,,unknown,,pk,streptomyces,,
WS9326,,,unknown,,nrp,streptomyces,,
4_Z_annamycin,,,unknown,,pk,streptomyces,,
chlorotonil,yes,yes,anti-parasite,,pk,sorangium,?,
anthracimycin,yes,,,,pk,streptomyces,gram pos,
anthracimycin_2,yes,,,,pk,streptomyces,gram pos,
lomofungin,yes,yes,antitumor; anti-parasite,,other,streptomyces,gram pos; gram neg,
lobosamide,,,anti-parasite,,pk,micromonaspora,,
chaxapeptin,,,antitumor; unknown,,ripp,,,
simocyclinone_4,yes,,cytotoxic,,pk,streptomyces,gram pos,
naringenin,,,unknown,,terpene,streptomyces,,
viscosin,,,surfactant; virulence,,nrp,pseudomonas,,
thuggacin_2,yes,,,,nrp pk,chondromyces,gram pos,
aurachin,yes,yes,,cytochromes,pk,stigmatella,gram pos,
tubulysin_2,,,cytotoxic,,nrp pk,cystobacter ,,
myxochelin,,,siderophore,,nrp,stigmatella,,
heronamide,,,eukaryotic morphology change; unknown,,nrp pk,streptomyces,,
phormidolide,,,unknown,,pk,leptolyngbya,,
cahuitamycin,yes,,biofilm inhibitor,,nrp,streptomyces,?,
tu_3010,yes,,,,nrp pk,streptomyces,?,
thiolactomycin_2,yes,,,,nrp pk,lentzea,gram pos; gram neg,
U_68204,yes,,,,nrp pk,streptomyces,gram pos; gram neg,
U_68204_2,yes,,,,nrp pk,streptomyces,,
paeninodin,no,,unknown,,ripp,paenibacillus,,
carbamidocyclophane,yes,,cytotoxic,,pk,nostoc,gram pos,
PM100117,,,antitumor; cytotoxic,,pk,streptomyces,,
sodorifen,,,odor; unknown,,terpene,serratia,,
tropoditheitic_acid_2,yes,,signaling; quorum sensing,,other,phaeobacter,gram pos; gram neg,
ralsolamycin,,,fungal changes; infection of fungus,,nrp pk,ralstonia,,
cinnamycin_b,yes,,,,ripp,actinomadura,gram pos,
zunyimycin_a,yes,,,,pk,streptomyces,gram pos,
haliamide,,,cytotoxic; antitumor,,nrp pk,haliangium,,
tambromycin,,,antiproliferative; unknown,,nrp,streptomyces,,
metatricycloene,,,unknown,,pk,,,
lipopeptide_8D11,,,,,nrp,streptomyces,,
thienodolin,,,regulates plant growth,,other,streptomyces,,
hexaricin,,,unknown,,pk,streptosporangium,,
uncialamycin,yes,,,,pk,streptomyces,gram pos; gram neg,
tiancimycin,?,,antitumor,,pk,streptomyces,,
BD_12,yes,yes,,,nrp,streptomyces,gram pos; gram neg,
brasilinolide,,yes,immunosuprresive,,pk,agrobacterium,,
svaricin,,,unknown,,nrp pk,streptomyces,,
macrolactin_2,yes,,,,pk,jeotgalibacillus,gram pos,
saprolmycin_e,,,antiparasite,,pk,streptomyces,,
JBIR_76,,,cytotoxic,,pk,streptomyces,,
nucleocidin,yes,,antiparasite,,other,streptomyces,gram pos; gram neg,
gassericin_e,yes,,phytotoxic,,ripp,lactobacillus,gram pos,
cichopeptin,,,phytotoxic,,nrp,pseudomonas,,
thusin,yes,,,,ripp,bacillus,gram pos,
pinensins,yes,yes,,,ripp,chitinophaga,,
lugdunin,yes,,,,nrp,staphylococcus,gram pos,
phenalamide,yes,yes,anti-HIV,,nrp pk,myxococcus,gram pos,
teichomycin,yes,,,,other,actinoplanes,gram pos; gram neg,
aldgamycin,yes,,,,pk,streptomyces,gram pos,
lidamycin,yes,,antitumor,,nrp pk,streptomyces,gram pos,
telomycin,yes,,,,nrp,streptomyces,gram pos,
bicereucin,yes,,,,ripp,bacillus,gram pos,
xanthoferrin,,,siderophore; virulence,,other,xanthomonas,,
dutomycin,yes,,antitumor,,pk,streptomyces,gram pos,
polysaccharide_a,,,virulence; capsule,,saccharide,bacteroides,,
polysaccharide_b,,,capsule,,saccharide,bacteroides,,
polysaccharide_c,,,capsule,,saccharide,bacteroides,,
cystobactamide,yes,,,topoisomerase,nrp,cystobacter,gram pos; gram neg,
griselimycin,yes,,,,nrp,streptomyces,gram pos; mycobacterium,
althiomycin_2,yes,,,,nrp,serratia,gram pos; gram neg,
nunapeptin,,yes,,,nrp,pseudomonas,,
alginate_3,,,immune stimulant; antioxidant; inhibits antibiotic diffusion,,saccharide,pseudomonas,,
cellulose,,,cell wall,,saccharide,pseudomonas,,
bryostatin_2,,,antitumor; neurological,protein kinase C,pk,candidatus,,
curacin_3,,,cytotoxic,tubulin,nrp pk,moorea,,
From ripp miner:,,,,,,,,
streptococcin_a_ff22,yes,,,,ripp,streptococcus,gram pos,
streptococcin_a_m49,yes,,,,ripp,streptococcus,gram pos,
